{
  "rankic_mean": 0.014539314562132066,
  "spread_mean": 2.7908005363459257e-05,
  "ls_mean": 2.7908005363459257e-05,
  "lo_mean": 9.107409045513736e-05,
  "lo_corr_market": 0.8506896968990548,
  "turnover_top1": 0.4295363271266886
}