{
  "rankic_mean": 0.002235306199294835,
  "spread_mean": -4.238935904146795e-05,
  "ls_mean": -4.238935904146795e-05,
  "lo_mean": -2.134334082258914e-05,
  "lo_corr_market": 0.8425335655635294,
  "turnover_top1": 0.1286115295084212,
  "diag_std_y": 0.007186912689744793,
  "diag_std_pred": 0.001783959345451209,
  "diag_mse0": 5.1651714010014725e-05
}