{
  "rankic_mean": 0.004691279149363393,
  "spread_mean": 3.692590490479401e-05,
  "ls_mean": 3.692590490479401e-05,
  "lo_mean": 9.304009811763614e-05,
  "lo_corr_market": 0.8421088374310881,
  "turnover_top1": 0.4674607520993063
}