{
  "rankic_mean": 0.006516679596586502,
  "spread_mean": -5.989730098809545e-05,
  "ls_mean": -5.989730098809545e-05,
  "lo_mean": 6.563805979425833e-05,
  "lo_corr_market": 0.8497826155781403,
  "turnover_top1": 0.5356425702811245
}