{
  "rankic_mean": 0.01047364757699198,
  "spread_mean": 9.584471770733075e-07,
  "ls_mean": 9.584471770733075e-07,
  "lo_mean": 1.4614270423289522e-06,
  "lo_corr_market": 0.8566930483222919,
  "turnover_top1": 0.1359715185540189,
  "diag_std_y": 0.007186912689744793,
  "diag_std_pred": 0.46883279722940263,
  "diag_mse0": 5.1651714010014725e-05
}