{
  "rankic_mean": 0.016969696969696968,
  "spread_mean": 7.095317146014194e-05,
  "ls_mean": 7.095317146014194e-05,
  "lo_mean": 5.747288136821285e-05,
  "lo_corr_market": 0.7923104565885479,
  "turnover_top1": 0.7319633606641738,
  "diag_std_y": 0.007107633629887981,
  "diag_std_pred": 0.6519079462255336,
  "diag_mse0": 5.051845581671459e-05
}