{
  "rankic_mean": 0.00017341304248619496,
  "spread_mean": -1.1598032915840565e-05,
  "ls_mean": -1.1598032915840565e-05,
  "lo_mean": 5.183487184227894e-05,
  "lo_corr_market": 0.8458625882510673,
  "turnover_top1": 0.5132347572106608
}