{
  "rankic_mean": 0.048973143759873605,
  "spread_mean": 0.00022663410808894814,
  "ls_mean": 0.00022663410808894814,
  "lo_mean": -0.00015308454605058488,
  "lo_corr_market": 0.9621810429944051,
  "turnover_top1": 0.1787974683544304
}